{"coco/bbox_mAP": 0.337, "coco/bbox_mAP_50": 0.508, "coco/bbox_mAP_75": 0.369, "coco/bbox_mAP_s": 0.011, "coco/bbox_mAP_m": 0.13, "coco/bbox_mAP_l": 0.372, "data_time": 0.08043392558156708, "time": 0.2580953221262237}