{"coco/bbox_mAP": 0.182, "coco/bbox_mAP_50": 0.283, "coco/bbox_mAP_75": 0.194, "coco/bbox_mAP_s": 0.014, "coco/bbox_mAP_m": 0.057, "coco/bbox_mAP_l": 0.201, "data_time": 0.16734223866168363, "time": 0.2447115107818886}